Country Name,2000,2001,2002,2003,2004,2005,2006,2007,2008,2009,2010,2011,2012,2013,2014,2015,2016,2017
Afghanistan,2461665938,2461665938,4128820723,4583644246,5285465686,6275073572,7057598407,9843842455,10190529882,12486943506,15936800636,17930239400,20536542737,20264253974,20616104298,19215562179,19469022208,20815300220
Angola,9129594819,8936063723,12497347956,14188949398,19640853734,28233712738,41789479932,60448924662,84178035579,75492385928,82526143645,104115807986,113923162050,124912503781,126730196125,102621215573,95337203468,124209385825
Albania,3632043908,4060758804,4435078648,5746945913,7314865176,8158548717,8992642349,10701011897,12881352688,12044212904,11926953259,12890867539,12319784787,12776277515,13228244357,11386931490,11883682171,13039352744
Andorra,1434429703,1496912752,1733116883,2398645598,2935659300,3255789081,3543256806,4016972351,4007353157,3660530703,3355695364,3442062830,3164615187,3281585236,3350736367,2811489409,2877311947,3012914131
Arab World,734768117003,723282816386,729051715399,823110541435,963862340514,1184661549862,1404113530791,1637573196525,2078115659876,1795819607113,2109550811386,2501304511877,2786139307967,2866038091981,2906918403547,2554479933648,2500164034396,2591047461124
United Arab Emirates,104337372362,103311640572,109816201498,124346358067,147824370320,180617018380,222116541865,257916133424,315474615739,253547358747,289787338325,350666031314,374590605854,390107556161,403137100068,358135057862,357045064670,382575085092
Argentina,284203750000,268696750000,97724004252,127586973492,164657930453,198737095012,232557260817,287530508431,361558037110,332976484578,423627422092,530163281575,545982375701,552025140252,526319673732,594749285413,554860945014,637590419269
Armenia,1911563665,2118467913,2376335048,2807061009,3576615240,4900469950,6384451606,9206301700,11662040714,8647936748,9260284938,10142111334,10619320049,11121465767,11609512940,10553337673,10546135160,11536590636
Antigua and Barbuda,830158777.8,800740259.3,814615333.3,855643111.1,919577148.1,1022191296,1157005444,1311401333,1368431037,1224253000,1152469074,1142042926,1211411704,1192925407,1280133333,1364863037,1460144704,1532397556
Australia,415034227218,378215090694,394486709920,466294700058,611904253806,692641708014,745521862833,851962785585,1052584601611,926448240318,1144260547873,1394280784778,1543411012580,1573696522007,1464955475994,1349034029453,1208039015868,1323421072479
Austria,196799778883,197337879195,213377771504,261695778781,300904221505,315974418605,335998557270,388691445387,430294287388,400172297861,391892746545,431120310089,409425234155,430068712972,441885415806,382065930308,390799991147,416595666397
Azerbaijan,5272617196,5707720391,6235795104,7276013032,8680472169,13245716099,20982986344,33050343783,48852482960,44291490421,52902703376,65951627200,69683935845,74164435946,75244294275,53074370486,37867518957,40747792238
Burundi,870486065.9,876794723.1,825394490.2,784654423.6,915257323.4,1117257279,1273180597,1356078278,1611634332,1739781489,2026864469,2355652126,2472384907,2714505635,3093647227,3066681387,3007029030,3477502178
Belgium,237904919845,237841968680,258860436665,319002821670,370885026074,387365750529,409813197842,471821105940,518625897173,484552792442,483548031197,527008453887,497884216569,520925468953,530770977634,455039563133,467545548765,492681283049
Benin,2569186643,2680213931,3054571082,3905366188,4521424807,4803702821,5142380779,5969535132,7132787397,7097198712,6970240895,7814081156,8152554487,9157355680,9707432016,8291155881,8573159697,9273558272
Burkina Faso,2628920056,2812845514,3205592290,4205691222,4838551100,5462709498,5816310158,6771277871,8369637065,8369175126,8979966766,10724063458,11166063467,11947176342,12377391463,10419303761,11448781714,12873114800
Bangladesh,53369787319,53991289844,54724081491,60158929188,65108544250,69442943089,71819083684,79611888213,91631278239,102477791472,115279077465,128637938711,133355749482,149990451022,172885454931,195078665828,221415162446,249723887765
Bulgaria,13153016531,14075616789,16276456428,20982685981,25957970922,29636617750,34130122491,44411476557,54409138498,51884481410,50610058210,57418414504,53903022339,55758754072,56731990232,50199104511,53240893665,56831518294
Bahrain,9062906915,8976207713,9632155053,11074822074,13150166755,15968726862,18505053191,21730000000,25710877660,22938218085,25713271277,28776595745,30749308511,32539547872,33387712766,31125851064,32152686170,35307127660
Bahamas,8076470000,8317830000,8881160000,8870090000,9055290000,9836200000,10167250000,10618340000,10526000000,9981960000,10095760000,10070450000,10720500000,10627600000,10957300000,11792300000,11838800000,12162100000
Bosnia and Herzegovina,5505984456,5748990666,6651226179,8370020196,10022840635,11225138297,12866524918,15776422673,19112739664,17613836210,17176781337,18644723861,17226849297,18178503835,18558343508,16209702864,16911088174,18168579578
Belarus,12736856828,12354820144,14594249023,17827791321,23144351852,30207567317,36954312354,45277399814,60763483146,49209523810,57222490769,61757788945,65685102555,75527984234,78813839984,56454734397,47722657821,54442374373
Belize,832072450,871860600,932551850,990374050,1057845500,1114222550,1217467600,1290573400,1368625150,1336957250,1397113450,1487005600,1573670250,1612573850,1703951050,1778567600,1820158550,1838000000
Bolivia,8397912509,8141537938,7905485077,8082364868,8773451739,9549077869,11451869165,13120183157,16674324634,17339992165,19649631308,23963033444,27084497540,30659338929,32996187988,33000198263,33941126194,37508642113
Brazil,655420645477,559372276082,507962487700,558319920832,669316654017,891630175813,1107640297890,1397084345950,1695824571927,1667019780934,2208871646203,2616201578192,2465188674415,2472806919902,2455993625159,1802214373741,1793989048409,2055505502225
Barbados,3121500000,3116650000,3169600000,3274850000,3514350000,3897300000,4246600000,4523750000,4607300000,4434050000,4461650000,4660900000,4656350000,4612500000,4608350000,4584150000,4529050000,4796845981
Brunei Darussalam,6001153306,5601090584,5843329108,6557333085,7872333215,9531402848,11470703002,12247694247,14393099069,10732366286,13707370737,18525319978,19048495519,18093829923,17098342541,12930394938,11400653960,12128089002
Bhutan,439158233.2,476360697.2,537050133.7,622026107.8,702682019,818869145.1,897731524.9,1196091805,1258332337,1264758198,1585472534,1820207626,1823692110,1798333726,1944782821,2059258653,2212638830,2511852941
Botswana,5788329609,5489608300,5438857107,7511582173,8957467707,9931134941,10126940513,10939053365,10945070442,10267133178,12786654366,15682926896,14686278707,14915780539,16250774267,14420551446,15648700274,17406530781
Central African Republic,914500299.1,931833302.8,991387870.1,1139754799,1270080251,1337362392,1460561215,1697565949,1985240986,1981732634,1986015906,2195599557,2169706564,1518565298,1702899386,1583776806,1755468137,1949411659
Canada,742293448253,736379777893,757950678647,892380986368,1023196003075,1169357979865,1315415197461,1464977190206,1549131208997,1371153004986,1613464422811,1788647906048,1824288757448,1842628005830,1799268695862,1559623393039,1535767736946,1653042795255
Central Europe and the Baltics,427831355696,468374571701,527431862890,634787658548,762873141596,886290450380,1002435558362,1265875311783,1529583538571,1286223012130,1312703359581,1446066158639,1351505878829,1422649884075,1463900229119,1286222588315,1313066988022,1450746635300
Switzerland,272055499941,278631271391,301416810214,352914820747,394163688621,408689353999,430921192375,479913034322,554363487120,541506500414,583782977866,699579638638,668043614123,688504173431,709182559935,679289166858,668745279605,678887336848
Chile,77860932152,70979923960,69736811435,75643459840,99210392858,122964812046,154788024806,173605968179,179638496279,172389498445,218537551220,252251992029,267122320057,278384332694,260584090571,243999477738,250036180921,277075944402
China,1211346869605,1339395718865,1470550015082,1660287965663,1955347004963,2285965892361,2752131773355,3552182311653,4598206091384,5109953609257,6100620488868,7572553836875,8560547314679,9607224481533,10482372109962,11064666282626,11190992550230,12237700479375
Cote d'Ivoire,10717022463,11192560827,12346919216,15306602560,16554441847,17084928927,17800887796,20343635320,24224903100,24277493862,24884505035,25381616734,27040562587,31273049200,35372603446,33145096414,36374849865,40388624117
Cameroon,10083937740,10371327756,11579343088,14548845765,17430933517,17944084201,19356046328,22365265026,26409781215,26017925552,26143818510,29337006833,29104437355,32348149947,34942948737,30916218544,32217537943,34798596482
"Congo, Dem. Rep.",19088046306,7438189100,8728038525,8937567060,10297483481,11964484668,14451902468,16737071816,19788515874,18648373312,21565722425,25839749199,29306223081,32671683662,35917650630,37917704900,34991160100,37241300949
"Congo, Rep.",3219910550,2794259783,3019993739,3495868808,4648628921,6087003176,7731261311,8394688284,11859013281,9593537551,12007880439,14425607180,13677930124,14085851348,14177437982,8553154580,7833508879,8722553001
Colombia,99886577331,98203546156,97933391976,94684584163,117074863822,146566264837,162590146096,207416494642,243982437871,233821670544,287018184638,335415156702,369659700376,380191881860,378195716714,291519591533,280090999648,309191382833
Comoros,203846427.7,220093812.2,246737679.5,317562269.4,368143118.7,380372892.6,406111873.5,462453582.9,523134897,524157261,530493353.2,586281766.8,570865941.2,618663921.9,647720707.1,565689764.6,616654490.4,648920942.7
Cabo Verde,539227277.6,563024383.3,620974660.2,813963830.2,924318490.8,971977088.2,1107891063,1513933983,1789333749,1711817182,1664310770,1864824081,1751888562,1850951315,1858121723,1596154666,1638927336,1753736712
Costa Rica,14949514585,15913363335,16504795453,17195867540,18529767934,19952156475,22600431878,26743874206,30612932876,30562361123,37268635287,42262697840,46473128286,49745088112,50577769838,54775972989,56988989897,57057372468
Caribbean small states,34061559105,35068207714,36872616587,39421593800,43139861259,48786092030,54618160956,60670805980,68875542818,58049437076,63131259584,68378335170,70576655404,71378769877,72525038828,70918077437,67787681466,69331419651
Cyprus,10183317625,10567304189,11618269231,14576896942,17422375000,18703146375,20403713461,24077470572,27839460964,25942622951,25562251656,27427161523,25041372222,24084572491,23359294149,19676167240,20153871681,21651791751
Czech Republic,61649492817,67523642262,81910771994,99627140274,119162172468,136280689891,155463807113,189227050760,235718586901,206179982164,207477857919,227948349666,207376427021,209402444996,207818330724,186829940546,195305084919,215725534372
Germany,1949953934034,1950648769575,2079136081310,2505733634312,2819245095605,2861410272354,3002446368084,3439953462907,3752365607148,3418005001389,3417094562649,3757698281118,3543983909148,3752513503278,3890606893347,3375611100742,3477796274497,3677439129777
Djibouti,551230861.9,572417440.8,591122039.6,622044665.5,666072101.8,708633194.7,768873684,847918929.1,999105339.3,1049110685,1128611700,1239144502,1353632942,1324733712,1455035089,1633741923,1764268469,1844674435
Dominica,335845814.8,343119370.4,337695740.7,350091222.2,374771481.5,370370370.4,390370370.4,421375851.9,458190185.2,489074333.3,493824407.4,501025296.3,485998000,501979259.3,523666333.3,535095851.9,581484037,562540740.7
Denmark,164158800460,164791416350,178635160297,218095997085,251373036671,264467308109,282884912894,319423370134,353361056080,321241396034,321995350347,344003209696,327148899962,343584385594,352993633221,301298464861,306899653410,324871968807
Dominican Republic,24305116729,25599311449,27362875603,21642882856,22692574473,36119047252,38116351526,44169678153,48288967303,48376555306,53982886258,57811180659,60657780261,62661773592,66065015410,68802092021,72342967648,75931656815
Algeria,54790245601,54744714396,56760288974,67863829880,85324998814,103198228459,117027304747,134977087734,171000691878,137211039898,161207268655,200019057308,209058991952,209755003251,213810022462,165874330876,159049096745,170370810918
Ecuador,18327764882,24468324000,28548945000,32432858000,36591661000,41507085000,46802044000,51007777000,61762635000,62519686000,69555367000,79276664000,87924544000,95129659000,101726331000,99290381000,98613972000,103056619000
"Egypt, Arab Rep.",99838543960,97632008710,87850683979,82924503943,78845185293,89685725230,107484034871,130478960092,162818181818,188982374701,218888324505,236001858960,279372758362,288586231502,305529656458,332698041031,332927833278,235369129338
Spain,595402616547,625975838926,705145868624,906853273138,1069555500372,1157276458152,1264551499185,1479341637011,1635015380108,1499099749931,1431616749640,1488067258325,1336018949806,1361854206549,1376910811041,1197789902774,1237255019654,1311320015516
Estonia,5685774809,6245069734,7322069511,9833870709,12059201242,14006088297,16963625016,22237061730,24194039256,19652492637,19490936349,23170239901,23043864510,25137153149,26224622451,22566956982,23337907619,25921079612
Ethiopia,8242392104,8231326016,7850809498,8623691300,10131187261,12401139454,15280861835,19707616773,27066912635,32437389116,29933790334,31952763089,43310721414,47648211133,55612228234,64464547915,73000980434,80561496134
European Union,8906259675839,9004047000478,9816570308921,11949502573497,13798204365628,14433470312804,15398749328299,17793784213095,19137013228475,17102490228101,16987391593240,18350556736022,17292774157163,18029679886232,18635535561985,16416670356766,16491855791195,17277697660475
Finland,125539893127,129250111857,139552983249,171071106095,196768065557,204436015421,216552502823,255384615385,283742493042,251499027508,247799815768,273674236773,256706466091,269980111643,272609288690,232464833066,238677672282,251884887973
Fiji,1684109743,1660102346,1842691481,2315935753,2727507213,3006725015,3102741451,3405050612,3523185920,2870624636,3140508836,3774530616,3972012571,4190143206,4483416340,4362128146,4671313315,5061202767
France,1362248940483,1376465324385,1494286655374,1840480812641,2115742488205,2196126103718,2318593651988,2657213249384,2918382891460,2690222283968,2642609548930,2861408170265,2683825225093,2811077725704,2852165760630,2438207896252,2465134297439,2582501307216
"Micronesia, Fed. Sts.",233226300,240051900,241543400,245277400,240097000,250149400,253372300,256548100,262868600,279966700,296525300,310502100,326128700,316040600,317999400,315179700,329895600,336427532.9
Gabon,5067865321,5018874179,5310381151,6497305662,7756293575,9578973591,10318424464,12438956756,15508574820,12065138273,14358631634,18186515200,17171468469,17590680917,18179666879,14377389786,14014278017,14622880886
United Kingdom,1647951278560,1621510004318,1768408273381,2038395102041,2398555474185,2520701818182,2692612695492,3074359743898,2890564338235,2382825985356,2441173394730,2619700404733,2662085168499,2739818680930,3022827781881,2885570309161,2650850178102,2622433959604
Georgia,3057453483,3219487747,3395739855,3991281540,5125363001,6410852596,7745406201,10172869680,12795044473,10766809099,11638536834,14434619982,15846474596,16140047012,16509305828,13993546732,14378016732,15159281211
Ghana,4983024408,5314909954,6166330136,7632406553,8881368538,10731634117,20409668522,24758819718,28526891010,25977847814,32174772956,39566292433,41939728979,47805069495,39086625009,37338430643,42803583022,47330016343
Guinea,2995360969,2833442750,2949637039,3446442219,3666349049,2937071767,4375865936,5836261225,7009809997,6493151288,6992497899,6511123904,7504778989,8263033525,8765067644,8857789706,9275886117,10496056733
Gambia,782915402.4,687408804.6,578236035.1,487038821.6,578785951.4,624173239.9,655070067.7,798885556.5,965781078.2,900639534,951806368.7,898290989.9,910026155.7,898947649.5,833249466.8,907655651.5,962797146.5,1014621520
Guinea-Bissau,370173838.7,392278168.2,415843482,476388260.6,531109356.2,586795675.4,591839470.7,695990208.4,864654795.3,826798659.8,850633309.8,1099385895,989875559.1,1045790133,1053512334,1047808175,1178204501,1346933490
Equatorial Guinea,1045998496,1461139022,1806742742,2484745935,4410764339,8217369093,10086528699,13071718759,19749893536,15027795173,16298542028,21329395901,22389627294,21942597765,21736500713,13180194733,11259559879,12486753871
Greece,130133845771,136191353468,153830947017,201924270316,240521260988,247783001865,273317737047,318497936901,354460802549,330000252153,299361576558,287797822093,245670666639,239862011450,237029579261,195541761243,192690813127,200288277129
Grenada,520044370.4,520444185.2,540336925.9,591018407.4,599118592.6,695370296.3,698700666.7,758683592.6,825977888.9,771278111.1,771015888.9,778648666.7,799882148.1,842620111.1,911481481.5,997007925.9,1056188593,1118816679
Greenland,1068030830,1086172923,1169138789,1558768614,1825157317,1849805733,2013099482,2249811709,2499107511,2529948330,2503156061,2684467376,2609667674,2669515517,2837737194,2520206900,2705891617,2705891617
Guatemala,19288827159,18702802395,20776669467,21917706491,23965275996,27211377225,30231249362,34113107086,39136893345,37733994976,41338595381,47654841113,50388454861,53851058955,58722323918,63767597194,68663653469,75620095538
Guyana,712667896.7,696281471.7,722460886.4,741929342.8,785918769.6,824880550.3,1458449453,1740334782,1922598121,2061323854,2273225042,2576024116,2861562266,2990006534,3077086276,3166029056,3504024213,3675631961
"Hong Kong SAR, China",171668164083,169403241524,166349228737,161384522525,169099768875,181570082162,193536265094,211597405594,219279678430,214046415026,228637697575,248513617677,262629441493,275696879835,291459356985,309383627029,320881182124,341449340451
Honduras,7103507989,7565869928,7775078403,8140271081,8772194250,9672035709,10841742348,12275501784,13789715133,14587496229,15839344592,17710315006,18528601901,18499710128,19756494435,20979767785,21643936939,22978532897
Croatia,21774273832,23289671102,26878499206,34658113497,41574530816,45416358502,50453577898,60093222709,70481451449,62703143057,59829574391,62375044443,56565475275,58085856019,57629518806,49425513611,51338524831,54849180229
Haiti,3953846311,3596443005,3472191962,2960306121,3537720277,4310358096,4756204070,5885325590,6548530572,6584649419,6622541529,7516834160,7890216508,8452509316,8776350790,8724656126,7970649131,8408150518
Hungary,47310623887,53821315066,67716887203,85324771841,104066609518,113035361317,115295199392,139850794387,157998423132,130593960612,130922638689,140782064609,127856647108,135215704419,140118140455,122879042002,125816640421,139135029758
Indonesia,165021012078,160446947785,195660611165,234772463824,256836875295,285868618224,364570514305,432216737775,510228634992,539580085612,755094160363,892969107923,917869910106,912524136718,890814755233,860854235065,932256495234,1015539017537
Isle of Man,1563667800,1614595291,1897606791,2264911807,2758117365,2971167185,3344402193,5685988395,5827468750,5487083658,5920177689,6142169524,6433357030,6754330155,7428280402,6792417112,6792417112,6792417112
India,462146799338,478965491061,508068952066,599592902016,699688852930,808901077223,920316529730,1201111768410,1186952757636,1323940295874,1656617073125,1823049927772,1827637859136,1856722121394,2039127446299,2102390808997,2274229710530,2597491162898
Ireland,99853528653,109133512304,127945379258,164285112867,193870350137,211650764830,232085535065,269917519847,275020023436,236311336482,221951354762,239018536582,225571853194,239389340720,258099014042,290617008368,304819018067,333730764773
Iran,109591707802,126878750296,128626917504,153544751395,190043433965,226452138292,266298911661,349881601459,406070949554,414059094949,487069570464,583500357530,598853401276,467414852231,434474616832,385874474399,418976711587,439513511621
Iraq,36627901762,36627901762,36627901762,36627901762,36627901762,49954890353,65140293688,88840050497,131613661510,111660855043,138516722650,185749664444,218000986223,234648370497,234648370497,179640210726,171489001692,197715736041
Iceland,8927140438,8136345144,9207689916,11316441660,13722824251,16691490114,17048647568,21319946740,17658408759,12944114736,13310567803,14732689535,14292008745,15548321544,17304033021,16942247374,20304098101,23909289979
Israel,132339311284,130706147871,121069378150,126864966909,135445033199,142462925574,153966916311,178706717753,215840354627,207419370241,233609522091,261628548084,257296579579,292489185194,308416982140,299093839690,317747542489,350850537827
Italy,1141759996315,1162317852349,1266510634293,1569649661400,1798314750435,1852661982341,1942633797516,2203053380783,2390729163615,2185160183384,2125058244243,2276292404601,2072823157060,2130491320659,2151732868243,1832868490534,1859383610249,1934797937411
Jamaica,8985352832,9178016493,9694169757,9399447609,10150978155,11204416000,11905525197,12824094990,13678606692,12038829246,13191645686,14439910353,14800165407,14274983016,13897723431,14186886643,14056908749,14768134912
Jordan,8460424401,8975689845,9582453032,10195660790,11411390409,12588665303,15056929760,17110587447,21972004086,23820230000,26425379437,28840263380,30937277606,33593843662,35826925775,37517410282,38654727746,40068308516
Japan,4887519660745,4303544259843,4115116279070,4445658071222,4815148854362,4755410630912,4530377224970,4515264514431,5037908465114,5231382674594,5700098114744,6157459594824,6203213121334,5155717056271,4850413536038,4394977752878,4949273341994,4872136945508
Kazakhstan,18291990619,22152694162,24636593223,30833699703,43151647003,57123671734,81003884545,104849886826,133441612247,115308661143,148047348241,192626507972,207998568866,236634552078,221415572820,184388432149,137278320084,159406926359
Kenya,12705357103,12986007426,13147743911,14904517650,16095337094,18737897745,25825524821,31958195182,35895153328,37021512049,40000088347,41954942417,50334699324,55096730083,61448046802,64007293815,70875289605,74938190655
Kyrgyz Republic,1369693171,1525112242,1605640633,1919012781,2211535312,2460248026,2834168889,3802566171,5139957785,4690062255,4794357795,6197766119,6605139933,7335027592,7468096567,6678178340,6813092066,7564738836
Cambodia,3677897739,3984000517,4284028483,4658246918,5337833248,6293046162,7274595707,8639235842,10351914093,10401851851,11242275199,12829541141,14054443213,15227991395,16702610842,18049954289,20016747754,22158209503
Kiribati,67254174.4,63101272.37,72196457.68,90231856.8,102367039.3,112133944.3,108545632.5,130754915.9,139125482.3,130465372,153275912.7,177142135.1,188045661.6,187153601.1,178869298.7,169140560.4,181551516.5,196150061.3
St. Kitts and Nevis,420515107.7,461078078.1,483120194.3,465850739.6,502561629.6,543167666.7,636218037,674008481.5,738942555.6,723209111.1,705015370.4,753225963,734462666.7,788163888.9,847778185.2,878281518.5,909854629.6,945854481.5
"Korea, Rep.",561633125840,533052076314,609020054512,680520724062,764880644711,898137194716,1011797457139,1122679154632,1002219052968,901934953365,1094499338703,1202463682634,1222807284485,1305604981272,1411333926201,1382764027114,1414804158515,1530750923149
Kuwait,37711864407,34890772742,38137545245,47875838926,59440108585,80797945205,101550654721,114641097818,147395833333,105899930507,115419050942,154027536232,174070025009,174161142454,162631412509,114567298106,110912280702,120126277613
Lao PDR,1731198022,1768619058,1758176653,2023324407,2366398120,2735558726,3452882514,4222962988,5443915121,5832915387,7127792630,8749241114,10191350120,11942230508,13268458232,14390391264,15805707154,16853079615
Lebanon,17260364842,17649751244,19152238806,20082918740,20955223881,21287562189,21796351575,24577114428,29227350570,35477118070,38419626628,40075674163,43868565282,46014226808,47833413749,49459296463,49598825982,51844487742
Liberia,529064600,521000000,543000000,416000000,474700000,550000000,604028900,739027200,850040500,1155147400,1292697100,1545400000,1735500000,1946500000,2013000000,2034000000,2101000000,2158000000
Libya,38270206950,34110064452,20481889764,26265625000,33122307692,47334148578,54961936663,67516236338,87140405361,63028320702,74773444901,34699395524,81873662519,65502870174,41142722414,29274816454,32257171354,50984362478
St. Lucia,784159228.7,743808076,748346605.9,823837141.1,893107210.8,951207366,1134193630,1277494148,1282215407,1262973407,1381968259,1437684815,1436803333,1489928889,1551921037,1649142630,1667078704,1712306556
Latin America & Caribbean,2287147799918,2237489265850,2007554359341,2050862255943,2363196686485,2858514895997,3349188405527,3945134128214,4584233321000,4306894981162,5340986877009,6073300034780,6134230329295,6283950806814,6404663412439,5504776411963,5360659105920,5954671133086
Liechtenstein,2483953103,2491822707,2688630823,3070691320,3454362686,3659251526,4000239273,4601299567,5081432924,4504549214,5082366478,5739977477,5456009385,6391735894,6657170923,6289165410,6289165410,6289165410
Sri Lanka,16330814180,15749753805,16536535647,18881765437,20662525941,24405791045,28267410543,32351184234,40715240469,42067974595,56728002830,65289915890,68436230408,74294206491,79359306576,80554807486,81788375090,87174682200
Lesotho,887295267.9,825706961.2,775780697.7,1157832935,1511236656,1682350935,1800105590,1820811281,1870722801,1865963015,2385950664,2788022889,2678494689,2526020566,2614576996,2505879960,2291319972,2639386291
Lithuania,11539211480,12252498921,14278357284,18802576988,22649930576,26125575942,30216060233,39738180077,47850551149,37440673478,37120517694,43476873413,42848195256,46417340375,48516371721,41508609233,42773029835,47168303744
Luxembourg,21263514833,21272418792,23616328816,29557325056,34685281848,37347394603,42414308117,50888134410,55849686539,51370543206,53212476812,60004630234,56677961787,61739352212,66327344189,57784495265,58631324559,62404461275
Latvia,7937758980,8350252966,9546441564,11748433157,14373269156,16922504045,21447021570,30901399261,35596016664,26169854045,23757368290,28223552825,28119996053,30254677297,31335013752,26972863394,27571513793,30264454642
"Macao SAR, China",6720492406,6811227983,7322677820,8195033162,10585624891,12092222042,14789661809,18340447243,20917444920,21475520709,28123640999,36709860068,43031577366,51552075902,55347998648,45361678147,45310877913,50361201096
Morocco,38857251336,39459581217,42236836821,52064058834,59626020162,62343022651,68640825481,79041294874,92507257784,92897320376,93216746662,101370474295,98266306615,106825649872,109881398475,100593283697,103606321693,109139484007
Moldova,1288429151,1480656884,1661818168,1980901554,2598231467,2988338439,3408272498,4401154128,6054806101,5439422031,5811604052,7015206498,7284686576,7985349731,7983271111,6512899540,6795741776,8128493432
Madagascar,3877673539,4529575348,4397254608,5474030080,4363934494,5039293031,5515884349,7342923489,9413002921,8550363975,8729936136,9892702358,9919780071,10601690872,10673516673,9744243531,10001193315,11499803807
Maldives,624337145.3,870179738.6,897031250,1052121055,1226829563,1163362438,1575200391,1868383461,2271646188,2345294875,2588176055,2774351760,2886170572,3295011382,3697351597,4006531188,4222767413,4597083304
Mexico,707906744575,756706300590,772106378935,729336319677,782240601985,877476221382,975387131716,1052696282279,1109989038339,900045362045,1057801282051,1180489563964,1201090018604,1274443078609,1314385330073,1169622672463,1076912039691,1149918794766
Marshall Islands,110937700,115152100,124735100,126887600,131334600,137928600,143930000,150776500,152788700,152617500,164969100,173260300,185210500,190800800,183121300,179697900,194497900,199399247.1
Middle income,5522957996981,5608977649651,5888556745096,6627206396728,7856125990863,9368795237404,11150295461142,13845130470116,16610742666336,16227554245823,19853890540909,23450375132205,25031518436631,26533427022753,27544454671394,26005806125663,26157827164877,28682698960995
Macedonia,3772851420,3709637830,4018365247,4946292775,5682719260,6258600714,6861222332,8336478142,9909548411,9401731496,9407168702,10494632699,9745251126,10817712139,11362272838,10051659161,10745787406,11337827332
Mali,2954129566,3465305993,3889758024,4703504467,5444474268,6245031690,6899799786,8145694632,9750822511,10181021770,10678749467,12978107561,12442747897,13246412031,14388360064,13100058100,14034980334,15288163367
Malta,4306192436,4331870648,4689832690,5456583589,6062780269,6394851387,6757119558,7880509171,8977149553,8528202278,8741059603,9507645260,9209559296,10145114180,11234045376,10574026838,11279535398,12537750732
Myanmar,8905066164,6477790688,6777632512,10467109978,10567354056,11986972419,14502553710,20182477481,31862554102,36906181381,49540813342,59977326086,59937797559,60269734045,65446402659,59687373958,63225097051,69322122756
Montenegro,984297589.4,1159869246,1284685051,1707710053,2073234418,2257174481,2721904403,3680710375,4545674528,4159330370,4139192053,4538198499,4087724528,4464261816,4587926231,4052913386,4374130531,4774086094
Mongolia,1136896124,1267997934,1396555720,1595297356,1992066808,2523471532,3414055566,4234999823,5623216449,4583850368,7189481824,10409797649,12292770631,12582122604,12226514722,11749620620,11183458131,11488046881
Northern Mariana Islands,1284000000,1284000000,1284000000,1239000000,1210000000,1061000000,990000000,938000000,939000000,795000000,799000000,733000000,751000000,784000000,845000000,933000000,1242000000,1242000000
Mozambique,5016469069,4766928747,5031510909,5597367853,6831808930,7723846195,8312078525,9366742309,11494837053,10911698208,10154238250,13131168012,14534278446,16018848991,16961117243,14798399862,11014862242,12333859926
Mauritania,1293654175,1295539448,1324426607,1563074860,1833444740,2184445123,3040716679,3356757064,3978425881,3670515288,4343665075,5179690136,5225533500,5724227185,5391475277,4844223107,4739298311,5024705934
Mauritius,4582555125,4536538211,4767303154,5609831328,6385695187,6283803256,7028803366,8150138757,9990370016,9128843109,10003670690,11518393367,11668685524,12129642296,12803445934,11692287066,12232463656,13338147523
Malawi,1743506531,1716502862,3495748398,3208837077,3476094499,3655909664,3997852636,4432192844,5320925102,6190991712,6959697194,8003300198,6028470989,5518901971,6054750320,6373201160,5433038647,6303277591
Malaysia,93789736842,92783947368,100845263158,110202368421,124749736842,143534102611,162690965596,193547824063,230813597938,202257586268,255016609233,297951960784,314443149443,323277158907,338061963396,296434003329,296535930381,314500279044
Namibia,3908661518,3546783708,3361251198,4931312147,6606858786,7261333795,7978734402,8740865600,8486721917,8876191121,11282192605,12409629836,13016272899,12717790505,12786078008,11769045772,11309232188,13244597345
Niger,1798374468,1945327565,2170481509,2731416346,3052898739,3405134832,3646728060,4291363391,5403363917,5397121856,5718589799,6409169890,6942209336,7667949382,8229732168,7251323996,7606749314,8119732793
Nigeria,46386011231,44137994252,59116847822,67655813930,87845420504,112248353105,145429764861,166451213396,208064753766,169481317540,369062464570,411743801712,460953836444,514966287207,568498937588,481066152889,404652720165,375770713743
Nicaragua,5107329007,5323146566,5224213018,5322454926,5795568205,6321335612,6763671611,7423377429,8496965842,8298695145,8758622329,9774316692,10532001130,10982972256,11880438824,12611087031,13184989878,13814261536
Netherlands,412807259996,426573601790,465368906456,571863431151,650532654582,678533764457,726649102998,839419655078,936228211513,857932759100,836389937229,893757287202,828946812397,866680000367,879635084125,757999453314,777227541581,826200282501
Norway,171315639983,174003247439,195418347153,228752436372,264357494659,308722079938,345424664369,401082621083,462554432624,386622457580,429130952709,498831558926,510229136227,523502127660,499338534779,386663139403,371075238095,398831956478
Nepal,5494252208,6007061224,6050875807,6330473097,7273938315,8130258041,9043715356,10325618017,12545438605,12854985464,16002656434,18913574371,18851513891,19271168018,20002968838,21410840909,21131983246,24472013234
Nauru,20432742.11,20432742.11,20432742.11,20432742.11,20432742.11,20432742.11,20432742.11,20432742.11,39333572.32,44290951.93,49248810.57,72751801.05,103811958.8,108601538.5,117020381.9,100459782.6,102060129.6,113884908.4
New Zealand,52622842840,53872425917,66627729311,88250885550,103904537815,114718721397,111608845081,137316087308,133279679483,121338622025,146583831538,168461998741,176192886551,190785204764,200955119874,177620948761,189285950471,205852838255
Oman,19507412224,19452015605,20142782835,21633810143,24763589077,31081924577,37215864759,42085305592,60905331599,48388296489,58642392718,67937581274,76689206762,78938881664,81076723017,68905071521,66824447334,72642652796
Pakistan,73952374970,72309738921,72306820396,83244801093,97977766198,109502102511,137264061106,152385716312,170077814106,168152775283,177406854515,213587413184,224383620830,231218567179,244360888751,270556126820,278654637738,304951818494
Panama,12304115000,12502013400,12994310400,13693981200,15013381700,16374393900,18141666300,21295984200,25155888600,27116635600,29440287600,34686224300,40429734400,45599994000,49921464400,54315722500,57820916600,61838175800
Peru,51744749133,52030158775,54777553515,58731030122,66768703498,76060606061,88643193062,102170981144,120550599815,120822986521,147528937029,171761737047,192648999090,201217661646,201080662205,189926516769,191639655121,211389272242
Philippines,81026300311,76262072468,81357605642,83908206648,91371242496,103071582125,122210716310,149359918060,174195136253,168334601260,199590775189,224143083707,250092092998,271836123725,284584522899,292774099014,304889079565,313595208737
Palau,144769900,155441800,161958700,152771900,164166000,184683500,188044800,193119700,196845300,182679900,182843800,193208100,214597500,225269300,245560300,293082900,302699800,291544300
Papua New Guinea,3521339699,3081024212,2999511040,3536411824,3927157867,4865892972,8306343442,9545071325,11670678864,11619541940,14250726290,17984816533,21295834133,21261305413,23060047128,20638636035,19904808312,21088758485
Poland,171885598583,190521263343,198680637255,217513049292,255102252843,306125173853,344748646558,429063549984,533815789474,439796160379,479321460551,528832185770,500360816828,524234322597,545179584720,477355617456,471400273917,524509565263
Puerto Rico,61701800000,69208400000,71623500000,74827400000,80322313000,83914521300,87276164400,89524131600,93639316000,96385638000,98381268000,100351670000,101564800000,102450000000,102445800000,103143500000,105034500000,105034500000
Portugal,118358489958,121545880984,134228697534,164964195260,189187437298,197304513120,208566948940,240169336162,262007590450,243745748819,238303443425,244895101712,216368178659,226073492966,229629822122,199420256050,205184480409,217571083046
Paraguay,8195993231,7662595076,6325151760,6588103836,8033877360,8734653809,10646157920,13794910634,18504130753,15929902138,20030528043,25099681461,24595319574,28965906502,30881166852,27282581336,27424071373,29734895249
West Bank and Gaza,4313600000,4003700000,3555800000,3968000000,4329200000,4831800000,4910100000,5505800000,6673500000,7268200000,8913100000,10465400000,11279400000,12476000000,12715600000,12673000000,13425700000,14498100000
Pacific island small states,3444121191,3371103515,3545578158,4151877953,4792908297,5264858279,5536876353,6077329195,6554307187,5774704218,6413682686,7627779125,8146587825,8442587805,8798000775,8587236272,9027150901,9687357499
Qatar,17759890110,17538461538,19363736264,23533791209,31734065934,44530494505,60882142857,79712087912,115270054945,97798351648,125122306346,167775274725,186833516484,198727747253,206224725275,164641483516,152451923077,167605219780
Romania,37438527800,40716836998,46174557556,59867801205,76216441462,99697566668,123533036668,175933642292,213605065703,172611845342,166658327827,184367381749,171664638717,191549024911,199493490983,177911101680,187805922349,211803281925
Russian Federation,259708496267,306602673980,345110438692,430347770732,591016690743,764017107992,989930542279,1299705247686,1660844408500,1222643696992,1524916112079,2051661732060,2210256976945,2297128039058,2063662665172,1368400705491,1284727602174,1577524145963
Rwanda,1734938652,1674685248,1677552332,1846198771,2088961969,2581313486,3152324689,3824788145,4860093843,5378925895,5773084568,6563320570,7334917697,7621923308,8016591928,8277613194,8475681533,9136689514
South Asia,614756460255,630831541229,663250167513,774466662240,897926604901,1028639477064,1176241330740,1488694492908,1515643037463,1665590819268,2042144113595,2272003568714,2297911379165,2356854113186,2581994304111,2695272602060,2903124297500,3291737801056
Saudi Arabia,189514926213,184137469733,189605920240,215807655253,258742133333,328459608764,376900133511,415964509673,519796800000,429097866667,528207200000,671238840107,735974843360,746647127413,756350347333,654269902889,644935541446,683827144289
Sudan,12257418326,13182979784,14803189093,17646503525,21457470203,26524538566,35822408612,45898948564,54526580232,53150209168,65634109237,67327289320,68125631150,72065940086,82151588419,97156119150,95584380032,117487857143
Senegal,4679604754,4877602060,5333862371,6858952880,8031344381,8707015771,9358710935,11284603071,13439023281,12814961485,12948906289,14390776644,14225310519,14851057085,15304363138,13640668374,14683747154,16374743753
Singapore,95833932715,89286208629,91941192896,97001377569,114188557567,127417688056,147797218201,179981288567,192225881688,192408387762,236421782178,275966926379,290673681684,304454327499,311539499645,304097759674,309763879841,323907234412
Solomon Islands,435103853.5,400463452.1,341661643.6,332738245.9,375111894.9,413909879.3,456705434,516074229,608293860.3,597765363.1,681151190,932725578.8,1063879451,1129787202,1172268296,1154650066,1232699140,1303453616
Sierra Leone,635874002.2,1090467712,1253340520,1385810072,1448536631,1650494367,1885112202,2158496873,2505458705,2453899847,2578026297,2942546781,3801862611,4920343195,5015157816,4218723875,3556036535,3774270392
El Salvador,11784927700,12282533600,12664190300,13243892200,13724810900,14698001400,15999886400,17011750900,17986886200,17601616000,18447922400,20283783700,21386153000,21977401900,22585841200,23166030400,23912227500,24805439600
Sao Tome and Principe,71630592.22,71630592.22,79863374.95,95544010.78,104486043.5,125146438.7,133324919,144616696.8,188021168.8,187821029,197454053.1,233213522.6,252560557.1,302925489.7,348941656.8,315520894.9,354238109.3,390871568.6
Suriname,892164393.9,763465550.5,1078402128,1271196078,1484092538,1793754805,2626380435,2936612022,3532969035,3875409836,4368398048,4422276622,4980000000,5145757576,5240606061,4826587058,3278425328,3324385325
Slovak Republic,29114875622,30703017450,35083608131,46731767494,57240535138,62697540107,70596729394,86304245825,100324627215,88945625174,89501012916,98181259740,93413992956,98478349315,100948236941,87501423882,89768598023,95769031980
Slovenia,20342201356,20875387068,23563576758,29697448108,34470227454,36346974008,39587732029,48114688201,55589849128,50244793832,48013606745,51290792018,46352802766,48116256926,49904928335,43072415017,44708598649,48769655479
Sweden,259802012617,239917320967,263926220333,331108912605,381705425302,389042298377,420032121656,487816328342,513965650650,429657033108,488377689565,563109663291,543880647757,578742001488,573817719109,497918109302,514459972806,538040458217
Eswatini,1738100853,1542477309,1432228125,2197612701,2770082792,3178126492,3291353836,3469363996,3294093485,3580417067,4438778424,4820499924,4823831657,4560713074,4377293816,4020275298,3720649375,4408564260
Seychelles,614879764.8,622262057.2,697518248.2,705704816,839319927.3,919103254.5,1016418229,1033561654,967199594,847397850.1,969936525.3,1065826670,1059498884,1328091524,1342997306,1375604279,1425929444,1485994387
Chad,1385058162,1709347793,1987622279,2736666516,4414929220,6646663561,7422102656,8638711443,10351932604,9253484108,10657705536,12156380425,12368071039,12949854263,13922223234,10985793715,9412034269,9981303726
Togo,1294250233,1332328999,1474630207,1673690430,1937074572,2115154262,2202809251,2523462557,3163416242,3163000529,3172945645,3756023160,3866618282,4080929201,4482880424,4087775415,4388569576,4812554346
Thailand,126392308498,120296746257,134300851255,152280653544,172895476153,189318499954,221758486880,262942650544,291383081232,281710095725,341105009515,370818747397,397558094270,420333333333,407339361696,401399422443,411755164833,455220920571
Tajikistan,860550305.8,1080774007,1221113780,1554125531,2076148696,2312319579,2830236054,3719497371,5161336170,4979481980,5642178580,6522732203,7633049792,8506674783,9236309138,7853450374,6951657159,7145701019
Turkmenistan,2904662605,3534803922,4461978499,5977560877,6838351088,8104355717,10277598152,12664165103,19271523179,20214385965,22583157895,29233333333,35164210526,39197543860,43524210526,35799628571,36179885714,42355428571
Timor-Leste,439543789.9,517685310,510739436.3,543358124.6,1078398152,1813734851,2657852897,2881025963,4391333476,3199550317,3998696649,5681940845,6671047974,5649813361,4045377828,3104426021,2521007679,2954621000
Tonga,202363492.2,181244788.5,182737040.1,202543202,229358214.8,262176133.7,294137737.1,300143056.9,349484427.6,318166562.8,369485198.8,423011844.3,472358251.2,450686353.7,443911052.3,435438217.3,401562006.2,426057453.1
Trinidad and Tobago,8154338233,8824873259,9008273721,11305459802,13280275123,15982282462,18369070085,21642304046,27870257894,19175196446,22157948396,25433011405,25622915889,26578524198,27199856454,24402499451,22320008403,22104775828
Tunisia,21473188882,22066101341,23142294436,27453084983,31183139301,32273007554,34378437265,38908069299,44856586316,43454935940,44050929160,45810626509,45044112939,46251061734,47587913059,43156708809,42062549395,40256675209
Turkey,272979390595,200251925587,238428126327,311823003531,404786740091,501416301727,552486912846,675770112825,764335657318,644639902581,771901768698,832523681194,873982246102,950579413279,934185915467,859796872794,863721647959,851102411118
Tuvalu,13742057.05,13196544.95,15450994.24,18231078.54,21534931.61,21839098.89,22902861.45,27030374.03,30290219.76,27101076.28,31823518.62,38711827.75,37671734.83,37509122.07,37290587.5,35556038.82,36572611.89,39731317.3
Tanzania,10185786383,10383560603,10805599893,11659129889,12825801581,16929976600,18610460327,21501741757,27368386358,28573777052,31407908612,33878631649,39087748240,44413616116,48219734752,45623490992,47388395823,52090320325
Uganda,6193246837,5840503869,6178563591,6336696289,7940362799,9013834373,9942597780,12292813603,14239026630,18168902154,20186496527,20176025418,23114293019,24599550742,27291880327,27102650472,24078931744,25891058946
Ukraine,31261527363,38009344577,42392896031,50132953288,64883060726,86142018069,107753069307,142719009901,179992405832,117227769792,136013155905,163159671670,175781379051,183310146378,133503411376,91030959455,93270479389,112154185121
Uruguay,22823255802,20898788417,13606494599,12045631093,13686329890,17362857684,19579457966,23410572634,30366213119,31660911277,40284481652,47962439304,51264390116,57531233351,57236013086,53274304222,52687612262,56156972158
United States,10284779000000,10621824000000,10977514000000,11510670000000,12274928000000,13093726000000,13855888000000,14477635000000,14718582000000,14418739000000,14964372000000,15517926000000,16155255000000,16691517000000,17427609000000,18120714000000,18624475000000,19390604000000
Uzbekistan,13760374488,11401351420,9687951055,10128112401,12030023548,14307509839,17330833853,22311393928,29549438884,33689223673,39332770929,45915191189,51821573338,57690453461,63067077179,66903804143,67067565989,48717685984
St. Vincent and the Grenadines,396270000,430040370.4,461883444.4,481806296.3,521975111.1,550728666.7,610930037,651833333.3,695428851.9,674922481.5,681225963,676129407.4,692933740.7,721207148.1,725185185.2,756666666.7,765555555.6,789629629.6
Vietnam,31172518403,32685198735,35064105501,39552513316,45427854693,57633255618,66371664817,77414425532,99130304099,106014659770,115931749697,135539438560,155820001920,171222025117,186204652922,193241108710,205276172135,223863996355
Vanuatu,272014693.1,257926881.7,262603781.8,314463144,364996869.1,394962552.3,439376794.1,526428309.9,607958616.1,610066628.7,700804286.2,792149700.7,781702874.1,801787555.9,814954307,737917151.4,787942567.4,862879789.4
Samoa,269019710.3,273088357.2,288078881.4,338838639.4,420320176.4,462649043,508503671.3,550970655.5,644132488.9,560959527.8,643046733.4,739785121.9,801168622.3,804808525.5,803589511.8,803985809.2,786356314.8,856626506
Kosovo,1849196082,2535333632,2702427047,3355083117,3639935348,3736599925,4078158324,4833561456,5687488209,5653792720,5829933775,6686683347,6500192728,7073420074,7386891336,6439946767,6715486726,7128690557
"Yemen, Rep.",9636342275,9854042165,10693278292,11777768087,13873500888,16753769532,19081722875,21656517484,26910851362,25130274124,30906748941,32726417212,35401325144,40415235702,43228582065,34602480339,18213328571,18213328571
South Africa,136361854808,121600818310,115748110113,175256916996,228937347866,257671413751,271811088781,299033511000,287099991517,297216730669,375298134440,416878162441,396332702639,366829390479,350904575292,317741039198,295762685148,349419343614
Zambia,3600683040,4094480988,4193845678,4901839731,6221077675,8331870169,12756858899,14056957976,17910858638,15328342304,20265556274,23460098340,25503370699,28045460442,27150630607,21154394546,20954754378,25808666422
Zimbabwe,6689957600,6777384700,6342116400,5727591800,5805598400,5755215200,5443896500,5291950100,4415702800,8621573600,10141859700,12098450700,14242490300,15451768700,15891049200,16304667800,16619960400,17845821400
